date,total_hours,year,total_hours_7_day_avg
2019-10-13,8.0,2019,
2019-10-14,7.09,2019,
2019-10-20,7.69,2019,
2019-10-21,8.66,2019,7.945714285714287
2019-10-23,5.01,2019,8.417142857142858
2019-10-25,10.75,2019,8.667142857142858
2019-10-26,8.42,2019,8.674285714285714
2019-10-27,11.3,2019,8.767142857142858
2019-10-28,8.84,2019,9.138571428571428
2019-10-29,7.74,2019,8.43142857142857
2019-10-30,9.31,2019,8.147142857142857
2019-10-31,7.61,2019,7.45
2019-11-01,5.8,2019,7.344285714285715
2019-11-03,6.43,2019,7.178571428571429
2019-11-04,6.42,2019,6.88
2019-11-05,8.1,2019,6.888571428571429
2019-11-06,6.58,2019,7.171428571428572
2019-11-08,7.22,2019,7.082857142857143
2019-11-10,7.67,2019,7.387142857142857
2019-11-12,7.78,2019,7.257142857142857
2019-11-13,5.81,2019,7.805714285714286
2019-11-14,8.55,2019,7.698571428571428
2019-11-15,7.19,2019,7.571428571428571
2019-11-17,10.42,2019,7.607142857142857
2019-11-19,6.47,2019,8.008571428571427
2019-11-20,6.78,2019,7.894285714285714
2019-11-21,8.03,2019,7.877142857142857
2019-11-22,8.62,2019,7.482857142857142
2019-11-24,7.75,2019,7.63
2019-11-25,7.07,2019,8.032857142857143
2019-11-27,7.66,2019,8.237142857142857
2019-11-28,7.5,2019,8.101428571428572
2019-11-29,9.6,2019,8.004285714285714
2019-11-30,9.46,2019,8.64
2019-12-01,7.67,2019,9.258571428571429
2019-12-02,7.07,2019,9.874285714285715
2019-12-05,11.52,2019,10.504285714285714
2019-12-06,11.99,2019,10.77142857142857
2019-12-07,11.81,2019,10.975714285714286
2019-12-08,14.01,2019,10.978571428571428
2019-12-09,11.33,2019,10.367142857142857
2019-12-10,9.1,2019,10.012857142857143
2019-12-11,7.09,2019,9.444285714285714
2019-12-12,7.24,2019,8.602857142857143
2019-12-13,9.51,2019,8.007142857142858
2019-12-14,7.83,2019,7.797142857142857
2019-12-16,8.12,2019,7.72
2019-12-17,7.16,2019,7.749999999999999
2019-12-18,7.63,2019,7.51
2019-12-19,6.55,2019,7.522857142857142
2019-12-20,7.45,2019,7.387142857142857
2019-12-21,7.83,2019,7.647142857142858
2019-12-22,7.92,2019,8.01
2019-12-24,7.17,2019,8.192857142857141
2019-12-25,8.98,2019,8.117142857142857
2019-12-26,10.17,2019,8.084285714285715
2019-12-27,7.83,2019,7.8914285714285715
2019-12-29,6.92,2019,7.971428571428571
2019-12-31,7.6,2019,7.847142857142856
2020-01-02,6.57,2020,6.6571428571428575
2020-01-03,7.73,2020,6.609999999999999
2020-01-04,8.11,2020,6.451428571428572
2020-01-05,1.84,2020,6.317142857142857
2020-01-06,7.5,2020,6.681428571428571
2020-01-07,5.81,2020,6.918571428571427
2020-01-10,6.66,2020,6.985714285714286
2020-01-12,9.12,2020,7.972857142857143
2020-01-13,9.39,2020,8.024285714285714
2020-01-18,8.58,2020,8.504285714285714
2020-01-19,8.75,2020,8.654285714285715
2020-01-20,7.86,2020,8.468571428571428
2020-01-21,9.17,2020,8.127142857142857
2020-01-22,7.71,2020,8.151428571428571
2020-01-23,7.82,2020,7.997142857142856
2020-01-24,7.0,2020,8.015714285714285
2020-01-25,8.75,2020,7.715714285714285
2020-01-26,7.67,2020,7.445714285714287
2020-01-27,7.99,2020,7.4471428571428575
2020-01-30,7.07,2020,9.43857142857143
2020-01-31,5.82,2020,11.01857142857143
2020-02-01,7.83,2020,11.015714285714285
2020-02-02,20.94,2020,11.530000000000001
2020-02-03,19.81,2020,13.324285714285717
2020-02-04,7.65,2020,13.600000000000003
2020-02-07,11.59,2020,13.59142857142857
2020-02-09,19.63,2020,11.668571428571429
2020-02-10,7.75,2020,9.91
2020-02-11,7.77,2020,9.805714285714286
2020-02-12,7.48,2020,9.774285714285714
2020-02-13,7.5,2020,8.101428571428572
2020-02-14,6.92,2020,8.205714285714285
2020-02-15,11.37,2020,8.034285714285714
2020-02-16,7.92,2020,8.05
2020-02-18,8.48,2020,8.147142857142857
2020-02-20,6.57,2020,8.17
2020-02-21,7.59,2020,7.621428571428572
2020-02-23,8.18,2020,7.585714285714286
2020-02-24,7.08,2020,9.205714285714285
2020-02-25,7.53,2020,9.497142857142858
2020-04-29,7.67,2020,9.544285714285715
2020-04-30,19.82,2020,9.507142857142856
2020-05-01,8.61,2020,10.317142857142857
2020-05-02,7.92,2020,10.219999999999999
2020-05-03,7.92,2020,9.914285714285713
2020-05-04,12.75,2020,8.83
2020-05-05,6.85,2020,8.687142857142858
2020-05-07,5.53,2020,8.687142857142858
2020-05-08,12.23,2020,8.581428571428571
2020-05-10,7.61,2020,7.844285714285713
2020-05-11,7.92,2020,8.31
2020-05-12,7.18,2020,8.615714285714285
2020-05-13,7.59,2020,7.821428571428571
2020-05-14,10.11,2020,7.865714285714286
2020-05-15,7.67,2020,8.964285714285714
2020-05-16,6.67,2020,9.045714285714286
2020-05-17,7.92,2020,9.021428571428572
2020-05-18,15.61,2020,10.45142857142857
2020-05-20,7.75,2020,10.391428571428573
2020-05-21,7.42,2020,10.598571428571429
2020-05-22,20.12,2020,10.312857142857142
2020-05-23,7.25,2020,9.071428571428571
2020-05-24,8.12,2020,8.997142857142856
2020-05-25,5.92,2020,8.884285714285715
2020-05-26,6.92,2020,7.097142857142857
2020-05-27,7.23,2020,7.072857142857143
2020-05-28,6.63,2020,7.072857142857144
2020-05-29,7.61,2020,7.388571428571429
2020-05-30,7.08,2020,7.362857142857143
2020-05-31,8.12,2020,7.195714285714287
2020-06-01,8.13,2020,7.105714285714286
2020-06-02,6.74,2020,7.085714285714286
2020-06-03,6.06,2020,7.267142857142858
2020-06-04,6.0,2020,7.777142857142857
2020-06-05,7.47,2020,7.58
2020-06-06,8.35,2020,7.602857142857142
2020-06-07,11.69,2020,7.751428571428571
2020-06-08,6.75,2020,7.90142857142857
2020-06-09,6.9,2020,7.751428571428571
2020-06-10,7.1,2020,7.5128571428571425
2020-06-11,7.05,2020,7.0457142857142845
2020-06-12,6.42,2020,6.921428571428571
2020-06-13,6.68,2020,6.967142857142856
2020-06-14,8.42,2020,7.137142857142856
2020-06-15,5.88,2020,7.1499999999999995
2020-06-16,7.22,2020,7.248571428571428
2020-06-17,8.29,2020,7.385714285714285
2020-06-18,7.14,2020,7.2542857142857144
2020-06-19,7.11,2020,7.654285714285714
2020-06-20,7.64,2020,7.782857142857142
2020-06-21,7.5,2020,7.578571428571428
2020-06-22,8.68,2020,7.565714285714286
2020-06-23,8.12,2020,7.485714285714286
2020-06-24,6.86,2020,7.5128571428571425
2020-06-25,7.05,2020,7.488571428571428
2020-06-26,6.55,2020,7.13
2020-06-27,7.83,2020,7.0
2020-06-28,7.33,2020,7.111428571428571
2020-06-29,6.17,2020,7.177142857142856
2020-06-30,7.21,2020,7.258571428571429
2020-07-01,7.64,2020,7.311428571428571
2020-07-02,7.51,2020,7.457142857142856
2020-07-03,7.12,2020,7.545714285714285
2020-07-04,8.2,2020,7.637142857142857
2020-07-05,8.35,2020,7.498571428571429
2020-07-06,6.79,2020,7.590000000000001
2020-07-07,7.85,2020,7.63
2020-07-08,6.67,2020,7.505714285714286
2020-07-09,8.15,2020,7.482857142857143
2020-07-10,7.4,2020,7.65
2020-07-11,7.33,2020,7.611428571428571
2020-07-12,8.19,2020,7.7299999999999995
2020-07-13,7.96,2020,7.601428571428571
2020-07-14,7.58,2020,7.604285714285715
2020-07-15,7.5,2020,7.338571428571429
2020-07-16,7.25,2020,7.347142857142857
2020-07-17,7.42,2020,7.2385714285714275
2020-07-18,5.47,2020,7.191428571428571
2020-07-19,8.25,2020,8.974285714285715
2020-07-20,7.2,2020,8.865714285714287
2020-07-21,7.25,2020,8.942857142857143
2020-07-22,19.98,2020,9.615714285714287
2020-07-23,6.49,2020,9.644285714285713
2020-07-24,7.96,2020,9.73
2020-07-25,10.18,2020,9.820000000000002
2020-07-26,8.45,2020,8.137142857142857
2020-07-27,7.8,2020,8.281428571428572
2020-07-28,7.88,2020,8.068571428571428
2020-07-29,8.2,2020,7.547142857142857
2020-07-30,7.5,2020,7.541428571428571
2020-07-31,6.47,2020,7.594285714285715
2020-08-01,6.53,2020,7.5042857142857144
2020-08-02,8.41,2020,7.317142857142857
2020-08-03,8.17,2020,7.397142857142858
2020-08-04,7.25,2020,7.555714285714286
2020-08-05,6.89,2020,7.7057142857142855
2020-08-07,8.06,2020,7.678571428571429
2020-08-08,7.58,2020,7.671428571428572
2020-08-09,7.58,2020,7.7942857142857145
2020-08-10,8.22,2020,7.925714285714285
2020-08-11,8.12,2020,7.950000000000001
2020-08-12,8.11,2020,8.117142857142856
2020-08-13,7.81,2020,10.034285714285714
2020-08-14,8.23,2020,10.002857142857142
2020-08-15,8.75,2020,9.985714285714284
2020-08-16,21.0,2020,10.015714285714285
2020-08-17,8.0,2020,10.052857142857144
2020-08-18,8.0,2020,10.044285714285715
2020-08-19,8.32,2020,9.805714285714286
2020-08-20,8.07,2020,7.907142857142857
2020-08-21,8.17,2020,7.918571428571427
2020-08-22,7.08,2020,7.892857142857143
2020-08-23,7.71,2020,7.897142857142858
2020-08-24,8.08,2020,7.969999999999999
2020-08-25,7.82,2020,7.935714285714285
2020-08-26,8.35,2020,8.245714285714286
2020-08-27,8.58,2020,8.24
2020-08-28,7.93,2020,8.347142857142856
2020-08-29,9.25,2020,8.412857142857144
2020-08-30,7.67,2020,8.327142857142857
2020-08-31,8.83,2020,8.26142857142857
2020-09-01,8.28,2020,8.425714285714287
2020-09-02,7.75,2020,9.807142857142859
2020-09-04,8.12,2020,9.645714285714288
2020-09-05,9.08,2020,9.528571428571428
2020-09-06,18.92,2020,9.405714285714286
2020-09-07,6.54,2020,11.010000000000002
2020-09-08,8.01,2020,11.005714285714287
2020-09-09,7.42,2020,10.862857142857143
2020-09-10,18.98,2020,9.297142857142857
2020-09-11,8.09,2020,9.51142857142857
2020-09-13,8.08,2020,9.565714285714284
2020-09-14,7.96,2020,9.662857142857144
2020-09-15,8.04,2020,8.105714285714285
2020-09-16,8.39,2020,8.032857142857143
2020-09-17,8.1,2020,8.032857142857143
2020-09-18,8.08,2020,8.062857142857142
2020-09-19,7.58,2020,8.05
2020-09-20,8.08,2020,8.001428571428571
2020-09-21,8.17,2020,7.94
2020-09-22,7.95,2020,7.967142857142856
2020-09-23,8.05,2020,7.931428571428571
2020-09-24,7.67,2020,7.922857142857143
2020-09-25,8.27,2020,7.898571428571429
2020-09-26,7.33,2020,7.905714285714287
2020-09-29,8.02,2020,7.887142857142857
2020-09-30,8.0,2020,8.077142857142857
2020-10-01,8.0,2020,8.087142857142856
2020-10-02,7.92,2020,8.22
2020-10-04,9.0,2020,8.058571428571428
2020-10-05,8.34,2020,8.161428571428571
2020-10-06,8.26,2020,8.161428571428571
2020-10-08,6.89,2020,8.144285714285713
2020-10-09,8.72,2020,7.7871428571428565
2020-10-12,8.0,2020,7.7457142857142856
2020-10-22,7.8,2020,7.695714285714286
2020-10-26,6.5,2020,7.935714285714286
2020-11-03,8.05,2020,7.857142857142857
2020-11-05,7.91,2020,7.844285714285713
2020-11-11,8.57,2020,7.731428571428572
2020-11-12,8.17,2020,7.827142857142857
2020-11-23,7.91,2020,7.9799999999999995
2020-11-26,7.01,2020,7.844285714285713
2020-11-29,7.17,2020,9.549999999999999
2020-12-03,9.12,2020,9.522857142857143
2020-12-04,6.96,2020,9.535714285714286
2021-01-05,20.51,2021,9.622857142857143
2021-01-13,7.98,2021,9.590000000000002
2021-01-18,8.0,2021,9.469999999999999
2021-01-22,7.62,2021,9.51857142857143
2021-02-08,6.94,2021,7.802857142857143
2021-03-03,8.28,2021,7.791428571428571
2021-04-04,7.3,2021,7.784285714285715
2021-04-26,8.5,2021,7.888571428571429
2021-04-27,7.9,2021,7.725714285714285
2021-04-28,7.95,2021,7.671428571428572
2021-05-02,8.35,2021,7.700000000000001
2021-05-06,5.8,2021,7.557142857142858
2021-05-10,7.9,2021,7.507142857142857
2021-05-11,7.5,2021,7.485714285714286
2021-05-13,7.5,2021,6.994285714285715
2021-05-14,7.55,2021,7.351428571428572
2021-05-17,7.8,2021,7.301428571428572
2021-05-18,4.91,2021,7.53
2021-05-19,8.3,2021,7.672857142857143
2021-05-20,7.550000000000001,2021,7.608571428571429
2021-05-23,9.1,2021,7.4942857142857155
2021-05-30,8.5,2021,8.09
2021-05-31,7.1,2021,7.975714285714285
2021-06-01,7.0,2021,8.047142857142857
2021-06-03,9.08,2021,7.918571428571428
2021-06-08,7.5,2021,7.8185714285714285
2021-06-10,8.05,2021,7.868571428571428
2021-06-11,8.2,2021,8.01142857142857
2021-06-12,7.8,2021,7.971428571428571
2021-06-14,7.45,2021,7.852857142857142
2021-06-15,8.0,2021,7.845714285714286
2021-06-17,8.8,2021,7.345714285714286
2021-07-20,6.67,2021,7.188571428571429
2021-08-19,8.0,2021,7.21
2021-08-28,4.7,2021,7.152857142857143
2021-08-31,6.7,2021,6.991428571428571
2021-09-01,7.6,2021,7.134285714285714
2021-09-09,7.6,2021,6.605714285714286
2021-09-19,7.67,2021,6.9485714285714275
2021-09-20,7.67,2021,7.122857142857143
2021-09-21,4.3,2021,6.951428571428571
2021-09-22,7.1,2021,6.829999999999999
2021-09-23,7.92,2021,6.420000000000001
2021-09-24,6.4,2021,6.42
2021-09-25,6.75,2021,6.819999999999999
2021-09-26,4.8,2021,6.762857142857143
2021-09-27,7.67,2021,6.7457142857142856
2021-09-28,7.1,2021,6.932857142857143
2021-09-30,6.7,2021,7.085714285714286
2021-10-01,7.8,2021,7.242857142857142
2021-10-02,7.71,2021,6.932857142857143
2021-10-03,7.82,2021,6.901428571428572
2021-10-05,5.9,2021,6.83
2021-10-06,5.5,2021,6.658571428571428
2021-10-07,6.88,2021,6.528571428571429
2021-10-08,6.2,2021,6.268571428571429
2021-10-09,6.6,2021,6.562857142857143
2021-10-10,6.8,2021,6.72
2021-10-11,6.0,2021,6.874285714285714
2021-10-12,7.96,2021,6.845714285714285
2021-10-13,6.6,2021,7.102857142857142
2021-10-14,7.96,2021,6.717142857142856
2021-10-15,6.0,2021,6.845714285714286
2021-10-16,8.4,2021,6.6657142857142855
2021-10-17,4.1,2021,6.537142857142858
2021-10-18,6.9,2021,6.171428571428572
2021-10-19,6.7,2021,6.271428571428572
2021-10-20,5.7,2021,6.0857142857142845
2021-10-21,5.4,2021,6.86
2021-10-22,6.7,2021,6.902857142857144
2021-10-23,7.1,2021,6.885714285714286
2021-10-24,9.52,2021,7.05
2021-10-25,7.2,2021,7.278571428571429
2021-10-26,6.58,2021,7.25
2021-10-27,6.85,2021,7.764285714285714
2021-10-28,7.0,2021,7.447142857142857
2021-10-29,6.5,2021,7.432857142857142
2021-10-30,10.7,2021,7.25
2021-10-31,7.3,2021,6.885714285714285
2021-11-01,7.1,2021,6.328571428571428
2021-11-02,5.3,2021,6.542857142857143
2021-11-04,4.3,2021,6.475714285714285
2021-11-05,3.1,2021,6.2042857142857155
2021-11-06,8.0,2021,6.147142857142858
2021-11-07,10.23,2021,6.575714285714286
2021-11-08,5.4,2021,6.704285714285715
2021-11-09,6.7,2021,7.344285714285713
2021-11-10,8.3,2021,7.04
2021-11-11,5.2,2021,6.592857142857143
2021-11-12,7.58,2021,6.75
2021-11-13,5.87,2021,6.971428571428571
2021-11-14,7.1,2021,6.821428571428571
2021-11-15,6.5,2021,6.6499999999999995
2021-11-16,8.25,2021,6.638571428571429
2021-11-17,7.25,2021,6.828571428571428
2021-11-18,4.0,2021,6.857142857142857
2021-11-19,7.5,2021,6.700000000000001
2021-11-20,7.2,2021,6.771428571428572
2021-11-22,7.3,2021,7.0
2021-11-23,5.4,2021,7.485714285714287
2021-11-24,8.75,2021,7.242857142857143
2021-11-25,8.85,2021,7.085714285714286
2021-11-26,7.4,2021,7.028571428571428
2021-11-27,5.8,2021,7.314285714285714
2021-11-29,6.1,2021,7.0928571428571425
2021-11-30,6.9,2021,6.914285714285714
2021-12-01,7.4,2021,6.95
2021-12-02,7.2,2021,7.192857142857143
2021-12-03,7.6,2021,7.5
2021-12-04,7.65,2021,7.601428571428571
2021-12-05,7.5,2021,7.630000000000001
2021-12-06,8.25,2021,7.644285714285714
2021-12-07,7.61,2021,7.535714285714286
2021-12-08,7.6,2021,7.49
2021-12-09,7.3,2021,7.461428571428571
2021-12-11,6.84,2021,7.3428571428571425
2021-12-12,7.33,2021,7.304285714285714
2021-12-14,7.3,2021,7.5042857142857144
2021-12-17,7.42,2021,7.521428571428571
2021-12-18,7.34,2021,7.644285714285714
2021-12-19,9.0,2021,7.297142857142857
2021-12-20,7.42,2021,7.011428571428572
2021-12-21,7.7,2021,6.994285714285715
2021-12-23,4.9,2021,6.888571428571429
2021-12-24,5.3,2021,6.741428571428571
2021-12-25,7.3,2021,6.952857142857143
2021-12-26,6.6,2021,6.938571428571429
2021-12-27,7.97,2021,7.352857142857142
2021-12-28,8.9,2021,7.738571428571428
2021-12-30,7.6,2021,7.824285714285714
2021-12-31,7.8,2021,7.981428571428571
2022-01-02,8.0,2022,8.071428571428571
2022-01-03,7.9,2022,7.9557142857142855
2022-01-04,7.7,2022,8.67
2022-01-05,8.6,2022,8.662857142857144
2022-01-06,8.09,2022,8.48857142857143
2022-01-07,12.6,2022,8.731428571428571
2022-01-08,7.75,2022,8.459999999999999
2022-01-09,6.78,2022,8.517142857142858
2022-01-10,9.6,2022,8.447142857142858
2022-01-11,5.8,2022,7.654285714285714
2022-01-12,9.0,2022,7.99
2022-01-13,7.6,2022,7.778571428571428
2022-01-14,7.05,2022,7.621428571428571
2022-01-16,10.1,2022,7.507142857142857
2022-01-17,5.3,2022,7.55
2022-01-18,8.5,2022,7.524285714285715
2022-01-20,5.0,2022,7.660000000000001
2022-01-21,9.3,2022,6.974285714285714
2022-01-22,7.42,2022,7.131428571428572
2022-01-24,8.0,2022,6.974285714285715
2022-01-25,5.3,2022,7.38857142857143
2022-01-26,6.4,2022,7.217142857142856
2022-01-27,7.4,2022,7.114285714285714
2022-01-28,7.9,2022,7.014285714285713
2022-01-29,8.1,2022,7.3428571428571425
2022-01-31,6.7,2022,7.4142857142857155
2022-02-01,7.3,2022,7.294285714285714
2022-02-03,7.6,2022,7.258571428571428
2022-02-04,6.9,2022,7.204285714285713
2022-02-05,6.56,2022,7.164285714285714
2022-02-07,7.65,2022,7.3357142857142845
2022-02-08,7.72,2022,7.452857142857143
2022-02-09,6.42,2022,7.509999999999999
2022-02-10,8.5,2022,7.572857142857143
2022-02-13,8.42,2022,7.508571428571429
2022-02-15,7.3,2022,7.420000000000001
2022-02-16,7.0,2022,7.621428571428572
2022-02-17,7.2,2022,7.507142857142858
2022-02-19,7.1,2022,7.39
2022-02-21,7.83,2022,7.575714285714286
2022-02-22,7.7,2022,7.661428571428572
2022-02-23,7.6,2022,7.747142857142856
2022-02-24,8.6,2022,7.804285714285713
2022-02-26,7.6,2022,7.6
2022-02-27,7.8,2022,7.5857142857142845
2022-02-28,7.5,2022,7.542857142857143
2022-03-01,6.4,2022,7.3428571428571425
2022-03-02,7.6,2022,7.785714285714286
2022-03-03,7.3,2022,7.454285714285715
2022-03-08,7.2,2022,7.568571428571429
2022-03-09,10.7,2022,7.768571428571429
2022-03-10,5.48,2022,8.125714285714285
2022-03-12,8.3,2022,8.040000000000001
2022-03-13,7.8,2022,8.211428571428572
2022-03-14,10.1,2022,7.811428571428571
2022-03-15,6.7,2022,8.0
2022-03-17,8.4,2022,7.945714285714287
2022-03-18,7.9,2022,7.931428571428571
2022-03-19,6.8,2022,7.402857142857144
2022-03-20,7.92,2022,7.217142857142858
2022-03-21,7.7,2022,6.88857142857143
2022-03-22,6.3999999999999995,2022,7.074285714285714
2022-03-23,5.4,2022,7.138571428571429
2022-03-24,6.1,2022,6.907142857142857
2022-03-25,9.2,2022,6.85
2022-03-27,7.25,2022,7.145714285714285
2022-03-28,6.300000000000001,2022,7.145714285714285
2022-03-30,7.3,2022,7.317142857142857
2022-03-31,8.469999999999999,2022,7.181428571428571
2022-04-01,5.4,2022,7.241428571428571
2022-04-02,7.3,2022,7.541428571428573
2022-04-03,8.25,2022,7.698571428571428
2022-04-04,7.67,2022,7.595714285714286
2022-04-05,8.4,2022,7.738571428571428
2022-04-06,8.4,2022,7.81
2022-04-07,7.75,2022,7.928571428571429
2022-04-08,6.4,2022,7.775714285714286
2022-04-09,7.8,2022,7.732857142857143
2022-04-10,9.08,2022,7.147142857142856
2022-04-11,6.6,2022,7.11142857142857
2022-04-12,8.1,2022,6.9399999999999995
2022-04-13,4.3,2022,6.938571428571429
2022-04-14,7.5,2022,6.451428571428571
2022-04-15,5.2,2022,6.375714285714286
2022-04-16,7.79,2022,6.361428571428571
2022-04-17,5.67,2022,6.847142857142858
2022-04-18,6.07,2022,6.875714285714286
2022-04-19,8.0,2022,7.118571428571428
2022-04-20,7.7,2022,7.034285714285715
2022-04-21,7.7,2022,7.402857142857143
2022-04-22,6.9,2022,7.635714285714286
2022-04-23,7.2,2022,7.535714285714286
2022-04-24,8.25,2022,7.421428571428571
2022-04-25,7.7,2022,7.464285714285714
2022-04-26,7.3,2022,7.535714285714286
2022-04-27,6.9,2022,7.651428571428572
2022-04-28,8.0,2022,7.898571428571429
2022-04-29,7.4,2022,7.791428571428571
2022-04-30,8.01,2022,7.844285714285715
2022-05-01,9.98,2022,7.908571428571428
2022-05-02,6.95,2022,7.705714285714286
2022-05-03,7.67,2022,7.777142857142858
2022-05-04,7.35,2022,7.605714285714285
2022-05-05,6.58,2022,7.322857142857144
2022-05-06,7.9,2022,7.344285714285713
2022-05-07,6.81,2022,7.362857142857143
2022-05-09,8.0,2022,7.2700000000000005
2022-05-10,7.1,2022,7.201428571428571
2022-05-11,7.8,2022,7.127142857142857
2022-05-12,6.7,2022,7.182857142857142
2022-05-13,6.1,2022,7.068571428571429
2022-05-14,7.38,2022,7.082857142857143
2022-05-15,7.2,2022,7.1257142857142854
2022-05-16,7.2,2022,7.2542857142857144
2022-05-17,7.2,2022,7.325714285714286
2022-05-18,8.1,2022,7.114285714285714
2022-05-19,7.6,2022,7.192857142857143
2022-05-20,6.6,2022,6.978571428571429
2022-05-21,5.9,2022,6.9071428571428575
2022-05-22,7.75,2022,6.55
2022-05-23,5.7,2022,6.3999999999999995
2022-05-24,6.7,2022,6.671428571428572
2022-05-25,5.6,2022,6.8999999999999995
2022-05-26,6.55,2022,6.888571428571429
2022-05-27,8.5,2022,6.788571428571428
2022-05-28,7.5,2022,7.045714285714285
2022-05-29,7.67,2022,7.36
2022-05-30,5.0,2022,7.024285714285715
2022-05-31,8.5,2022,6.824285714285715
2022-06-01,7.8,2022,6.614285714285714
2022-06-02,4.2,2022,6.518571428571429
2022-06-03,7.1,2022,6.890000000000001
2022-06-04,6.03,2022,6.275714285714286
2022-06-05,7.0,2022,6.161428571428571
2022-06-06,7.6,2022,6.461428571428572
2022-06-07,4.2,2022,5.904285714285714
2022-06-08,7.0,2022,6.014285714285714
2022-06-09,6.3,2022,6.371428571428571
2022-06-10,3.2,2022,6.414285714285714
2022-06-11,6.8,2022,6.928571428571429
2022-06-12,9.5,2022,6.914285714285714
2022-06-13,7.9,2022,7.0857142857142845
2022-06-14,7.8,2022,7.7
2022-06-15,6.9,2022,7.8999999999999995
2022-06-16,7.5,2022,7.642857142857143
2022-06-17,7.5,2022,7.5685714285714285
2022-06-18,8.2,2022,7.625714285714286
2022-06-19,7.7,2022,7.425714285714286
2022-06-20,7.38,2022,7.282857142857144
2022-06-22,8.2,2022,7.411428571428572
2022-06-23,5.5,2022,7.335714285714286
2022-06-24,6.5,2022,7.264285714285713
2022-06-25,8.4,2022,7.1242857142857146
2022-06-26,7.67,2022,6.895714285714285
2022-06-27,7.2,2022,7.281428571428571
2022-06-28,6.4,2022,7.381428571428572
2022-06-29,6.6,2022,7.652857142857143
2022-06-30,8.2,2022,7.542857142857143
2022-07-01,7.2,2022,7.471428571428572
2022-07-02,10.3,2022,7.571428571428571
2022-07-03,6.9,2022,7.571428571428571
2022-07-04,6.7,2022,7.3
2022-07-05,7.1,2022,7.414285714285714
2022-07-06,6.6,2022,6.385714285714286
2022-07-07,6.3,2022,6.471428571428571
2022-07-08,8.0,2022,6.442857142857142
2022-07-09,3.1,2022,6.071428571428571
2022-07-10,7.5,2022,6.171428571428572
2022-07-11,6.5,2022,6.414285714285714
2022-07-12,4.5,2022,6.814285714285715
2022-07-14,7.3,2022,7.642857142857143
2022-07-16,8.0,2022,7.614285714285714
2022-07-17,10.8,2022,7.628571428571428
2022-07-18,8.9,2022,7.9314285714285715
2022-07-19,7.3,2022,7.8999999999999995
2022-07-20,6.6,2022,8.042857142857143
2022-07-21,6.62,2022,7.428571428571429
2022-07-22,7.08,2022,7.171428571428571
2022-07-23,9.0,2022,7.114285714285714
2022-07-24,6.5,2022,7.048571428571428
2022-07-25,7.1,2022,7.202857142857143
2022-07-26,6.8999999999999995,2022,7.277142857142858
2022-07-27,6.14,2022,7.219999999999999
2022-07-28,7.7,2022,7.458571428571427
2022-07-29,7.6,2022,7.444285714285714
2022-07-30,8.6,2022,7.411428571428572
2022-07-31,8.17,2022,7.605714285714286
2022-08-01,7.0,2022,7.42
2022-08-02,6.67,2022,7.434285714285714
2022-08-03,7.5,2022,7.078571428571428
2022-08-04,6.4,2022,6.925714285714286
2022-08-05,7.7,2022,6.997142857142857
2022-08-06,6.11,2022,7.104285714285715
2022-08-07,7.1,2022,7.104285714285715
2022-08-08,7.5,2022,7.318571428571429
2022-08-09,7.42,2022,6.918571428571428
2022-08-10,7.5,2022,6.574285714285715
2022-08-11,7.9,2022,6.727142857142858
2022-08-12,4.9,2022,6.727142857142858
2022-08-13,3.7,2022,6.424285714285714
2022-08-14,8.17,2022,6.458571428571429
2022-08-15,7.5,2022,6.13
2022-08-16,5.3,2022,6.427142857142857
2022-08-17,7.74,2022,6.945714285714286
2022-08-18,5.6,2022,7.042857142857144
2022-08-19,6.98,2022,6.839999999999999
2022-08-20,7.33,2022,7.225714285714285
2022-08-21,8.85,2022,6.905714285714285
2022-08-22,6.08,2022,7.091428571428572
2022-08-23,8.0,2022,7.051428571428572
2022-08-24,5.5,2022,7.104285714285715
2022-08-25,6.9,2022,6.582857142857143
2022-08-26,6.7,2022,6.285714285714286
2022-08-27,7.7,2022,6.242857142857143
2022-08-28,5.2,2022,6.542857142857144
2022-08-29,4.0,2022,6.714285714285714
2022-08-30,7.7,2022,6.8
2022-08-31,7.6,2022,6.7057142857142855
2022-09-01,8.1,2022,6.762857142857143
2022-09-02,7.3,2022,7.062857142857142
2022-09-03,7.04,2022,6.92
2022-09-04,5.6,2022,6.805714285714286
2022-09-05,6.1,2022,6.505714285714286
2022-09-06,6.7,2022,6.562857142857142
2022-09-07,6.8,2022,6.357142857142857
2022-09-08,6.0,2022,6.908571428571428
2022-09-09,7.7,2022,7.137142857142858
2022-09-10,5.6,2022,7.165714285714286
2022-09-11,9.46,2022,7.337142857142857
2022-09-12,7.7,2022,7.508571428571429
2022-09-13,6.9,2022,6.722857142857143
2022-09-14,8.0,2022,6.365714285714286
2022-09-15,7.2,2022,5.851428571428571
2022-09-16,2.2,2022,5.894285714285714
2022-09-17,3.1,2022,5.1657142857142855
2022-09-18,5.86,2022,4.737142857142857
2022-09-19,8.0,2022,4.551428571428572
2022-09-20,1.8,2022,5.322857142857143
2022-09-21,5.0,2022,5.651428571428572
2022-09-22,5.9,2022,5.742857142857143
2022-09-23,7.6,2022,5.7
2022-09-24,5.4,2022,6.371428571428572
2022-09-25,6.5,2022,6.501428571428572
2022-09-26,7.7,2022,6.115714285714285
2022-09-27,6.5,2022,6.111428571428571
2022-09-28,5.91,2022,6.297142857142857
2022-09-29,3.2,2022,6.618571428571428
2022-09-30,7.57,2022,6.232857142857143
2022-10-01,6.7,2022,6.368571428571429
2022-10-02,8.75,2022,6.369999999999999
2022-10-03,5.0,2022,6.9628571428571435
2022-10-04,7.45,2022,6.724285714285714
2022-10-05,5.92,2022,6.865714285714286
2022-10-06,7.35,2022,6.554285714285714
2022-10-07,5.9,2022,6.897142857142858
2022-10-08,7.69,2022,6.74
2022-10-09,6.57,2022,6.894285714285715
2022-10-10,7.4,2022,6.872857142857143
2022-10-11,6.35,2022,7.065714285714286
2022-10-12,7.0,2022,6.6899999999999995
2022-10-13,7.2,2022,6.894285714285714
2022-10-14,7.25,2022,6.778571428571429
2022-10-17,5.06,2022,6.814285714285714
2022-10-18,8.0,2022,6.992857142857142
2022-10-19,6.59,2022,6.965714285714286
2022-10-20,6.6,2022,7.097142857142857
2022-10-21,8.25,2022,7.465714285714285
2022-10-22,7.01,2022,7.222857142857143
2022-10-23,8.17,2022,7.324285714285714
2022-10-24,7.64,2022,7.267142857142858
2022-10-25,6.3,2022,6.917142857142857
2022-10-26,7.3,2022,7.1014285714285705
2022-10-27,6.2,2022,7.147142857142858
2022-10-28,5.8,2022,7.207142857142857
2022-10-29,8.3,2022,7.235714285714287
2022-10-30,8.49,2022,7.035714285714286
2022-10-31,8.06,2022,7.05
2022-11-01,6.5,2022,7.122857142857143
2022-11-02,5.9,2022,6.984285714285714
2022-11-03,6.3,2022,6.938571428571429
2022-11-04,6.31,2022,6.687142857142858
2022-11-05,7.33,2022,6.4157142857142855
2022-11-06,8.17,2022,6.53
2022-11-07,6.3,2022,6.544285714285714
2022-11-08,4.6,2022,6.342857142857143
2022-11-09,6.7,2022,6.038571428571429
2022-11-10,6.4,2022,5.614285714285715
2022-11-11,4.9,2022,5.587142857142857
2022-11-12,5.2,2022,6.085714285714287
2022-11-13,5.2,2022,6.200000000000001
2022-11-14,6.11,2022,6.122857142857144
2022-11-15,8.09,2022,6.165714285714286
2022-11-16,7.5,2022,6.094285714285715
2022-11-17,5.86,2022,6.351428571428571
2022-11-18,5.2,2022,6.464285714285714
2022-11-19,4.7,2022,5.837142857142857
2022-11-20,7.0,2022,5.765714285714286
2022-11-21,6.9,2022,5.647142857142858
2022-11-22,3.7,2022,5.925714285714286
2022-11-23,7.0,2022,6.674285714285714
2022-11-24,5.03,2022,6.9157142857142855
2022-11-25,7.15,2022,7.0
2022-11-26,9.94,2022,7.569999999999999
2022-11-27,8.69,2022,7.329999999999999
2022-11-28,7.49,2022,7.61142857142857
2022-11-29,7.69,2022,7.475714285714285
2022-11-30,5.32,2022,6.97
2022-12-01,7.0,2022,6.640000000000001
2022-12-02,6.2,2022,6.527142857142857
2022-12-03,6.4,2022,6.4
2022-12-04,6.38,2022,6.445714285714287
2022-12-06,6.7,2022,6.288571428571429
2022-12-07,6.8,2022,6.031428571428571
2022-12-08,5.64,2022,6.045714285714285
2022-12-09,5.9,2022,6.177142857142857
2022-12-10,4.4,2022,5.877142857142857
2022-12-11,6.5,2022,5.605714285714286
2022-12-12,7.3,2022,5.808571428571428
2022-12-13,4.6,2022,5.922857142857143
2022-12-14,4.9,2022,6.251428571428571
2022-12-15,7.06,2022,6.394285714285714
2022-12-16,6.7,2022,6.637142857142856
2022-12-17,6.699999999999999,2022,6.808571428571429
2022-12-18,7.5,2022,6.998571428571428
2022-12-19,9.0,2022,7.0042857142857144
2022-12-20,5.8,2022,7.035714285714286
2022-12-21,6.23,2022,7.185714285714286
2022-12-23,7.1,2022,7.042857142857144
2022-12-24,6.92,2022,7.138571428571429
2022-12-25,7.75,2022,7.3100000000000005
2022-12-26,6.5,2022,7.355714285714286
2022-12-28,9.67,2022,7.33
2022-12-29,7.0,2022,7.788571428571428
2022-12-30,6.55,2022,7.5528571428571425
2022-12-31,6.92,2022,7.395714285714285
2023-01-01,10.129999999999999,2023,6.671428571428571
2023-01-02,6.1,2023,6.671428571428572
2023-01-03,5.4,2023,6.855714285714285
2023-01-04,4.6,2023,6.524285714285713
2023-01-05,7.0,2023,6.014285714285714
2023-01-06,7.84,2023,5.8999999999999995
2023-01-07,4.6,2023,6.171428571428571
2023-01-08,6.56,2023,6.299999999999999
2023-01-09,5.3,2023,6.285714285714286
2023-01-10,7.3,2023,6.0371428571428565
2023-01-11,5.5,2023,5.998571428571429
2023-01-12,6.9,2023,6.049999999999999
2023-01-13,6.1,2023,5.978571428571429
2023-01-14,4.33,2023,5.831428571428572
2023-01-15,6.92,2023,6.291428571428573
2023-01-16,4.8,2023,5.862857142857143
2023-01-18,6.27,2023,6.172857142857143
2023-01-19,8.72,2023,6.817142857142857
2023-01-20,3.9,2023,6.922857142857143
2023-01-21,8.27,2023,7.344285714285713
2023-01-22,8.84,2023,7.448571428571428
2023-01-23,7.66,2023,6.86
2023-01-24,7.75,2023,7.1499999999999995
2023-01-25,7.0,2023,6.997142857142857
2023-01-26,4.6,2023,6.605714285714285
2023-01-27,5.93,2023,6.511428571428572
2023-01-28,7.2,2023,6.304285714285714
2023-01-29,6.1,2023,6.232857142857143
2023-01-30,7.0,2023,6.604285714285714
2023-01-31,6.3,2023,6.708571428571429
2023-02-01,6.5,2023,6.6085714285714285
2023-02-02,7.2,2023,6.857142857142857
2023-02-03,6.66,2023,6.785714285714286
2023-02-04,6.5,2023,6.8
2023-02-05,7.84,2023,6.571428571428571
2023-02-06,6.5,2023,6.65
2023-02-07,6.4,2023,6.725714285714285
2023-02-08,4.9,2023,6.854285714285714
2023-02-09,7.75,2023,6.591428571428572
2023-02-10,7.1899999999999995,2023,6.651428571428572
2023-02-11,7.4,2023,6.565714285714285
2023-02-12,6.0,2023,6.945714285714286
2023-02-13,6.92,2023,6.447142857142857
2023-02-14,5.8,2023,6.491428571428571
2023-02-15,7.56,2023,6.22
2023-02-16,4.26,2023,6.205714285714286
2023-02-17,7.5,2023,5.974285714285714
2023-02-18,5.5,2023,6.217142857142856
2023-02-19,5.9,2023,6.094285714285715
2023-02-20,5.3,2023,6.4142857142857155
2023-02-21,7.5,2023,6.428571428571429
2023-02-22,6.7,2023,6.514285714285714
2023-02-23,6.5,2023,6.414285714285714
2023-02-24,7.6,2023,6.6414285714285715
2023-02-25,6.1,2023,6.42
2023-02-26,5.2,2023,5.92
2023-02-27,6.890000000000001,2023,5.905714285714285
2023-02-28,5.95,2023,5.75
2023-03-01,3.2,2023,5.867142857142857
2023-03-02,6.4,2023,6.112857142857143
2023-03-03,6.51,2023,6.058571428571428
2023-03-04,6.92,2023,6.194285714285714
2023-03-05,6.92,2023,6.637142857142857
2023-03-06,6.51,2023,6.608571428571429
2023-03-07,6.9,2023,6.35
2023-03-08,6.3,2023,6.018571428571429
2023-03-09,6.2,2023,5.444285714285714
2023-03-10,4.7,2023,5.457142857142857
2023-03-11,4.6,2023,5.028571428571428
2023-03-12,2.9,2023,5.214285714285714
2023-03-13,6.6,2023,5.304285714285713
2023-03-14,3.9,2023,5.718571428571428
2023-03-15,7.6,2023,5.8428571428571425
2023-03-16,6.83,2023,6.217142857142856
2023-03-17,7.6,2023,6.160000000000001
2023-03-18,5.47,2023,6.46
2023-03-19,5.52,2023,6.590000000000001
2023-03-20,6.2,2023,6.442857142857142
2023-03-21,6.0,2023,6.257142857142857
2023-03-22,8.51,2023,6.332857142857143
2023-03-23,5.8,2023,6.361428571428571
2023-03-24,6.3,2023,6.532857142857142
2023-03-25,6.0,2023,6.304285714285714
2023-03-26,5.72,2023,6.145714285714285
2023-03-27,7.4,2023,6.160000000000001
2023-03-29,4.4,2023,6.045714285714287
2023-03-30,7.4,2023,6.295714285714287
2023-03-31,5.9,2023,6.492857142857142
2023-04-01,5.5,2023,6.327142857142857
2023-04-02,7.75,2023,6.155714285714287
2023-04-03,7.1,2023,6.041428571428573
2023-04-04,6.24,2023,6.022857142857142
2023-04-05,3.2,2023,6.1657142857142855
2023-04-06,6.6,2023,6.115714285714285
2023-04-07,5.77,2023,5.687142857142858
2023-04-08,6.5,2023,5.8100000000000005
2023-04-09,7.4,2023,6.281428571428571
2023-04-10,4.1,2023,6.395714285714286
2023-04-11,7.1,2023,6.528571428571429
2023-04-12,6.5,2023,6.514285714285714
2023-04-13,7.4,2023,6.385714285714286
2023-04-14,6.7,2023,6.442857142857143
2023-04-15,6.4,2023,6.171428571428572
2023-04-16,6.5,2023,6.414285714285714
2023-04-18,4.5,2023,5.985714285714286
2023-04-19,5.2,2023,5.921428571428571
2023-04-20,8.2,2023,5.921428571428572
2023-04-21,4.4,2023,6.021428571428571
2023-04-22,6.25,2023,6.3500000000000005
2023-04-24,6.4,2023,6.5928571428571425
2023-04-25,7.2,2023,6.264285714285714
2023-04-27,6.8,2023,6.6000000000000005
2023-04-28,6.9,2023,6.521428571428572
2023-04-29,5.9,2023,6.6499999999999995
2023-04-30,6.75,2023,6.478571428571429
2023-05-01,5.7,2023,6.435714285714285
2023-05-02,7.3,2023,6.278571428571429
2023-05-03,6.0,2023,6.5928571428571425
2023-05-04,6.5,2023,6.442857142857143
2023-05-05,5.800000000000001,2023,6.542857142857143
2023-05-06,8.1,2023,5.942857142857143
2023-05-07,5.7,2023,5.9628571428571435
2023-05-08,6.4,2023,5.920000000000001
2023-05-09,3.1,2023,5.991428571428571
2023-05-10,6.140000000000001,2023,5.562857142857143
2023-05-11,6.2,2023,5.562857142857142
2023-05-12,6.3,2023,5.534285714285715
2023-05-13,5.1,2023,6.162857142857143
2023-05-14,5.7,2023,6.057142857142857
2023-05-15,6.2,2023,5.874285714285714
2023-05-16,7.5,2023,6.164285714285714
2023-05-17,5.4,2023,6.421428571428572
2023-05-18,4.92,2023,6.292857142857144
2023-05-19,8.33,2023,6.3500000000000005
2023-05-20,6.9,2023,6.2057142857142855
2023-05-21,4.8,2023,5.848571428571428
2023-05-22,6.6,2023,6.034285714285715
2023-05-23,6.489999999999999,2023,5.715714285714286
2023-05-24,2.9,2023,5.847142857142856
2023-05-25,6.220000000000001,2023,6.064285714285715
2023-05-26,6.1,2023,6.041428571428571
2023-05-27,7.82,2023,5.985714285714287
2023-05-28,6.32,2023,6.577142857142858
2023-05-29,6.4399999999999995,2023,6.445714285714286
2023-05-30,6.1,2023,6.531428571428571
2023-05-31,7.04,2023,6.228571428571429
2023-06-01,5.3,2023,6.082857142857144
2023-06-02,6.7,2023,6.077142857142857
2023-06-03,5.7,2023,6.191428571428571
2023-06-04,5.3,2023,5.914285714285714
2023-06-05,6.4,2023,5.857142857142857
2023-06-06,6.9,2023,5.799999999999999
2023-06-07,5.1,2023,6.021428571428572
2023-06-08,4.9,2023,6.317142857142857
2023-06-09,6.3,2023,6.288571428571428
2023-06-10,7.25,2023,6.102857142857142
2023-06-11,7.37,2023,6.117142857142857
2023-06-12,6.2,2023,6.331428571428572
2023-06-13,5.6,2023,6.291428571428571
2023-06-14,5.2,2023,6.230000000000001
2023-06-15,6.4,2023,6.048571428571428
2023-06-16,6.02,2023,5.934285714285715
2023-06-17,6.82,2023,6.027142857142858
2023-06-18,6.1,2023,6.32
2023-06-19,5.4,2023,6.258571428571429
2023-06-20,6.25,2023,6.155714285714285
2023-06-21,7.25,2023,6.315714285714285
2023-06-22,5.97,2023,6.601428571428571
2023-06-23,5.3,2023,6.929999999999999
2023-06-24,7.9399999999999995,2023,6.6657142857142855
2023-06-25,8.1,2023,6.215714285714284
2023-06-27,7.699999999999999,2023,6.219999999999999
2023-06-28,4.4,2023,6.334285714285714
2023-06-29,4.1,2023,5.942857142857143
2023-06-30,6.0,2023,5.557142857142857
2023-07-01,6.1,2023,5.485714285714286
2023-07-02,5.2,2023,6.0
2023-07-03,5.4,2023,6.385714285714286
2023-07-04,7.2,2023,6.3
2023-07-05,8.0,2023,6.3999999999999995
2023-07-06,6.8,2023,6.428571428571429
2023-07-07,5.4,2023,6.542857142857143
2023-07-08,6.8,2023,6.3742857142857146
2023-07-09,5.4,2023,5.674285714285714
2023-07-10,6.2,2023,5.359999999999999
2023-07-11,6.02,2023,5.317142857142857
2023-07-12,3.1,2023,5.274285714285715
2023-07-13,4.6,2023,5.217142857142856
2023-07-14,5.1,2023,5.002857142857144
2023-07-15,6.5,2023,5.114285714285714
2023-07-16,5.0,2023,5.714285714285714
2023-07-17,4.7,2023,5.914285714285714
2023-07-18,6.8,2023,6.077142857142857
2023-07-19,7.3,2023,6.191428571428572
2023-07-20,6.0,2023,6.6485714285714295
2023-07-21,6.24,2023,6.777142857142857
2023-07-22,7.3,2023,6.448571428571428
2023-07-23,8.2,2023,6.319999999999999
2023-07-24,5.6,2023,6.462857142857142
2023-07-25,4.5,2023,6.392857142857143
2023-07-26,6.4,2023,6.325714285714286
2023-07-27,7.0,2023,5.225714285714285
2023-07-28,5.75,2023,5.434285714285714
2023-07-29,6.83,2023,5.82
2023-07-30,0.5,2023,5.977142857142858
2023-07-31,7.06,2023,5.591428571428572
2023-08-01,7.2,2023,5.667142857142857
2023-08-02,7.5,2023,5.4628571428571435
2023-08-03,4.300000000000001,2023,6.132857142857143
2023-08-04,6.28,2023,6.281428571428571
2023-08-05,5.4,2023,6.352857142857142
2023-08-06,5.1899999999999995,2023,5.967142857142856
2023-08-07,8.1,2023,6.152857142857143
2023-08-08,7.7,2023,6.324285714285715
2023-08-09,4.8,2023,6.652857142857142
2023-08-10,5.6,2023,6.7542857142857144
2023-08-11,7.48,2023,6.240000000000001
2023-08-12,7.7,2023,6.068571428571429
2023-08-13,5.9,2023,6.485714285714287
2023-08-14,4.5,2023,6.614285714285715
2023-08-15,6.5,2023,6.131428571428572
2023-08-16,7.72,2023,6.46
2023-08-17,6.5,2023,6.688571428571428
2023-08-18,4.1,2023,6.774285714285713
2023-08-19,10.0,2023,6.645714285714285
2023-08-20,7.5,2023,6.485714285714286
2023-08-21,5.1,2023,6.3428571428571425
2023-08-22,5.6,2023,6.801428571428572
2023-08-23,6.6,2023,6.087142857142857
2023-08-24,5.5,2023,6.33142857142857
2023-08-25,7.3100000000000005,2023,6.445714285714287
2023-08-26,5.0,2023,6.5442857142857145
2023-08-27,9.21,2023,6.315714285714286
2023-08-28,5.9,2023,6.5442857142857145
2023-08-29,6.29,2023,6.371428571428571
2023-08-30,5.0,2023,7.014285714285713
2023-09-01,7.1,2023,6.741428571428572
2023-09-02,6.1,2023,7.155714285714287
2023-09-03,9.5,2023,7.8999999999999995
2023-09-05,7.3,2023,8.014285714285714
2023-09-06,8.8,2023,7.585714285714286
2023-09-08,11.5,2023,7.8
2023-09-09,5.8,2023,7.128571428571428
2023-09-10,4.1,2023,7.8999999999999995
2023-09-11,7.6,2023,7.757142857142858
2023-09-12,4.8,2023,6.742857142857142
2023-09-13,12.7,2023,6.942857142857142
2023-09-14,7.8,2023,8.357142857142858
2023-09-15,4.4,2023,8.685714285714287
2023-09-17,7.2,2023,9.085714285714285
2023-09-18,14.0,2023,9.214285714285714
2023-09-19,9.9,2023,8.542857142857143
2023-09-21,7.6,2023,8.457142857142857
2023-09-22,13.6,2023,8.471428571428572
2023-09-24,3.1,2023,7.07142857142857
2023-09-25,3.8,2023,6.157142857142857
2023-09-26,7.3,2023,5.714285714285714
2023-09-27,4.2,2023,4.6571428571428575
2023-09-28,3.5,2023,4.771428571428571
2023-09-29,4.5,2023,4.914285714285714
2023-09-30,6.2,2023,4.528571428571429
2023-10-01,3.9,2023,4.371428571428571
2023-10-02,4.8,2023,4.285714285714286
2023-10-03,4.6,2023,4.228571428571429
2023-10-04,3.1,2023,4.128571428571428
2023-10-05,2.9,2023,4.614285714285714
2023-10-06,4.1,2023,4.5285714285714285
2023-10-08,5.5,2023,4.514285714285714
2023-10-09,7.3,2023,4.952857142857143
2023-10-10,4.2,2023,5.052857142857143
2023-10-11,4.5,2023,5.442857142857143
2023-10-12,6.17,2023,5.3
2023-10-13,3.6,2023,4.742857142857142
2023-10-14,6.83,2023,5.0600000000000005
2023-10-15,4.5,2023,5.321428571428571
2023-10-16,3.4,2023,5.332857142857143
2023-10-17,6.42,2023,5.418571428571428
2023-10-18,6.33,2023,5.418571428571428
2023-10-19,6.25,2023,5.715714285714285
2023-10-20,4.2,2023,5.7299999999999995
2023-10-21,6.83,2023,5.67
2023-10-22,6.58,2023,5.737142857142857
2023-10-23,3.5,2023,5.7299999999999995
2023-10-24,6.0,2023,5.972857142857142
2023-10-25,6.8,2023,5.4399999999999995
2023-10-26,6.2,2023,5.057142857142857
2023-10-27,5.9,2023,5.720000000000001
2023-10-28,3.1,2023,5.9957142857142856
2023-10-29,3.9,2023,5.587142857142858
2023-10-30,8.14,2023,5.6242857142857146
2023-10-31,7.93,2023,6.052857142857143
2023-11-01,3.94,2023,7.200000000000001
2023-11-02,6.46,2023,7.457142857142857
2023-11-03,8.9,2023,7.137142857142857
2023-11-04,11.129999999999999,2023,7.081428571428572
2023-11-05,5.7,2023,7.547142857142857
2023-11-06,5.9,2023,7.505714285714285
2023-11-07,7.539999999999999,2023,7.121428571428572
2023-11-08,7.2,2023,6.388571428571429
2023-11-09,6.17,2023,6.545714285714285
2023-11-10,6.21,2023,6.751428571428572
2023-11-11,6.0,2023,6.474285714285714
2023-11-12,6.8,2023,6.4557142857142855
2023-11-13,7.34,2023,6.587142857142857
2023-11-14,5.6,2023,6.628571428571428
2023-11-15,7.07,2023,6.771428571428571
2023-11-16,7.09,2023,6.765714285714286
2023-11-17,6.5,2023,6.645714285714285
2023-11-18,7.0,2023,6.288571428571429
2023-11-19,6.76,2023,6.25
2023-11-20,6.5,2023,5.68
2023-11-21,3.1,2023,5.704285714285715
2023-11-22,6.8,2023,5.664285714285714
2023-11-23,3.1,2023,5.512857142857143
2023-11-24,6.67,2023,5.668571428571428
2023-11-25,6.72,2023,5.797142857142857
2023-11-26,5.7,2023,5.905714285714287
2023-11-27,7.59,2023,6.427142857142857
2023-11-28,4.0,2023,6.402857142857143
2023-11-29,7.56,2023,6.558571428571428
2023-11-30,6.75,2023,6.924285714285714
2023-12-01,6.5,2023,6.668571428571428
2023-12-02,7.8100000000000005,2023,6.811428571428571
2023-12-03,8.26,2023,6.707142857142856
2023-12-04,5.8,2023,6.784285714285714
2023-12-05,5.0,2023,6.498571428571428
2023-12-06,6.83,2023,6.371428571428572
2023-12-07,7.29,2023,6.367142857142858
2023-12-08,4.5,2023,6.172857142857143
2023-12-09,6.92,2023,6.494285714285715
2023-12-10,8.23,2023,6.204285714285715
2023-12-11,4.44,2023,6.405714285714287
2023-12-12,7.25,2023,6.32
2023-12-13,4.8,2023,5.474285714285714
2023-12-14,8.7,2023,5.37
2023-12-15,3.9,2023,5.264285714285714
2023-12-16,1.0,2023,5.057142857142857
2023-12-17,7.5,2023,5.128571428571428
2023-12-18,3.7,2023,4.8999999999999995
2023-12-19,5.8,2023,5.057142857142857
2023-12-20,5.3,2023,5.585714285714286
2023-12-21,7.1,2023,5.1000000000000005
2023-12-22,5.0,2023,5.6
2023-12-23,4.7,2023,5.892857142857143
2023-12-24,4.1,2023,6.15
2023-12-25,7.2,2023,6.0042857142857144
2023-12-26,7.85,2023,5.904285714285714
2023-12-27,7.1,2023,5.761428571428572
2023-12-28,6.08,2023,6.145714285714286
2023-12-29,4.3,2023,5.817142857142857
2023-12-30,3.7,2023,5.508571428571429
2023-12-31,6.79,2023,5.522857142857143
2024-01-01,4.9,2024,5.342857142857143
2024-01-02,5.69,2024,5.5442857142857145
2024-01-03,7.2,2024,5.844285714285715
2024-01-04,4.82,2024,5.517142857142858
2024-01-05,5.71,2024,5.331428571428572
2024-01-06,5.8,2024,4.961428571428572
2024-01-07,4.5,2024,4.897142857142858
2024-01-08,3.6,2024,4.6657142857142855
2024-01-09,3.1,2024,4.521428571428571
2024-01-10,6.75,2024,4.435714285714286
2024-01-11,3.2,2024,4.321428571428571
2024-01-13,4.7,2024,4.564285714285714
2024-01-14,5.2,2024,4.851428571428571
2024-01-15,3.7,2024,4.415714285714286
2024-01-16,5.3,2024,4.715714285714285
2024-01-17,5.11,2024,4.948571428571428
2024-01-18,3.7,2024,4.82
2024-01-19,5.3,2024,4.82
2024-01-21,6.33,2024,4.791428571428571
2024-01-22,4.3,2024,4.647142857142858
2024-01-23,3.7,2024,4.804285714285713
2024-01-24,5.1,2024,5.232857142857143
2024-01-25,4.1,2024,5.0
2024-01-26,4.800000000000001,2024,5.385714285714286
2024-01-27,8.3,2024,5.3
2024-01-28,4.7,2024,5.042857142857143
2024-01-29,7.0,2024,5.388571428571429
2024-01-30,3.1,2024,5.488571428571428
2024-01-31,3.3,2024,5.074285714285714
2024-02-01,6.52,2024,5.377142857142857
2024-02-02,5.5,2024,4.791428571428571
2024-02-03,5.4,2024,5.105714285714285
2024-02-04,6.82,2024,6.03
2024-02-05,2.9,2024,5.755714285714285
2024-02-06,5.3,2024,5.412857142857143
2024-02-07,9.77,2024,5.784285714285714
2024-02-08,4.6,2024,5.902857142857143
2024-02-09,3.1,2024,6.417142857142857
2024-02-10,8.0,2024,6.684285714285715
2024-02-11,7.65,2024,6.352857142857142
2024-02-12,6.5,2024,6.595714285714286
2024-02-13,7.17,2024,6.92
2024-02-14,7.45,2024,6.67
2024-02-15,6.3,2024,6.134285714285714
2024-02-16,5.37,2024,6.162857142857143
2024-02-17,6.25,2024,5.862857142857143
2024-02-18,3.9,2024,5.755714285714285
2024-02-19,6.7,2024,5.641428571428571
2024-02-20,5.07,2024,5.974285714285714
2024-02-21,6.7,2024,5.695714285714286
2024-02-22,5.5,2024,6.024285714285715
2024-02-23,7.7,2024,5.924285714285714
2024-02-24,4.3,2024,5.8
2024-02-25,6.2,2024,5.342857142857143
2024-02-26,6.0,2024,5.557142857142857
2024-02-27,4.2,2024,5.0
2024-02-28,3.5,2024,4.828571428571428
2024-02-29,7.0,2024,4.6571428571428575
2024-03-01,3.8,2024,4.557142857142857
2024-03-02,3.1,2024,4.414285714285714
2024-03-03,5.0,2024,4.6571428571428575
2024-03-04,5.3,2024,4.757142857142857
2024-03-05,3.2,2024,5.0
2024-03-06,5.199999999999999,2024,5.657142857142857
2024-03-07,7.7,2024,5.811428571428571
2024-03-08,5.5,2024,6.127142857142857
2024-03-09,7.7,2024,6.369999999999999
2024-03-10,6.08,2024,6.470000000000001
2024-03-11,7.51,2024,5.812857142857142
2024-03-12,4.9,2024,5.555714285714286
2024-03-13,5.9,2024,5.17
2024-03-14,3.1,2024,5.33
2024-03-15,3.7,2024,4.958571428571429
2024-03-16,5.0,2024,4.630000000000001
2024-03-17,7.2,2024,4.315714285714286
2024-03-18,4.91,2024,4.344285714285714
2024-03-19,2.6,2024,4.587142857142857
2024-03-20,3.7,2024,4.687142857142858
2024-03-21,3.3,2024,4.33
2024-03-22,5.4,2024,4.071428571428572
2024-03-23,5.7,2024,4.72
2024-03-24,4.7,2024,4.848571428571428
2024-03-25,3.1,2024,4.905714285714287
2024-03-26,7.140000000000001,2024,4.908571428571428
2024-03-27,4.6,2024,4.6085714285714285
2024-03-28,3.7,2024,4.808571428571428
2024-03-29,5.42,2024,5.28
2024-03-30,3.6,2024,5.131428571428572
2024-03-31,6.1,2024,5.488571428571428
2024-04-01,6.4,2024,5.56
2024-04-02,6.1,2024,5.885714285714286
2024-04-03,7.1,2024,6.192857142857143
2024-04-04,4.2,2024,5.792857142857143
2024-04-05,7.7,2024,5.435714285714286
2024-04-06,5.75,2024,5.472857142857143
2024-04-07,3.3,2024,5.40142857142857
2024-04-08,3.9,2024,5.872857142857143
2024-04-09,6.359999999999999,2024,5.487142857142857
2024-04-10,6.6,2024,5.58
2024-04-11,7.5,2024,6.202857142857143
2024-04-12,5.0,2024,6.33142857142857
2024-04-13,6.4,2024,6.251428571428571
2024-04-14,7.66,2024,6.037142857142858
2024-04-15,4.8,2024,5.680000000000001
2024-04-16,5.8,2024,5.778571428571429
2024-04-17,5.1,2024,5.685714285714285
2024-04-18,5.0,2024,5.305714285714286
2024-04-19,5.6899999999999995,2024,5.477142857142858
2024-04-20,5.75,2024,5.391428571428571
2024-04-21,5.0,2024,5.677142857142857
2024-04-22,6.0,2024,5.784285714285714
2024-04-24,5.2,2024,5.8428571428571425
2024-04-25,7.1,2024,5.935714285714285
2024-04-27,5.75,2024,6.307142857142857
2024-04-28,6.1,2024,6.3357142857142845
2024-04-29,6.4,2024,6.507142857142858
2024-04-30,7.6,2024,6.45
2024-05-01,6.2,2024,6.414285714285714
2024-05-02,6.4,2024,6.5600000000000005
2024-05-03,6.7,2024,6.588571428571429
2024-05-04,5.5,2024,6.387142857142857
2024-05-05,7.12,2024,6.287142857142858
2024-05-06,6.6,2024,5.9157142857142855
2024-05-07,6.19,2024,5.758571428571429
2024-05-08,5.5,2024,5.702857142857143
2024-05-09,3.8,2024,5.214285714285714
2024-05-10,5.6000000000000005,2024,5.328571428571429
2024-05-11,5.11,2024,5.318571428571429
2024-05-12,3.7,2024,4.865714285714286
2024-05-13,7.4,2024,4.865714285714286
2024-05-14,6.12,2024,4.922857142857143
2024-05-15,2.33,2024,4.75
2024-05-16,3.8,2024,5.078571428571428
2024-05-17,6.0,2024,4.878571428571428
2024-05-18,3.9,2024,4.775714285714286
2024-05-19,6.0,2024,4.971428571428572
2024-05-20,6.0,2024,5.328571428571428
2024-05-21,5.4,2024,5.3428571428571425
2024-05-22,3.7,2024,5.371428571428572
2024-05-23,6.3,2024,5.414285714285714
2024-05-24,6.1,2024,5.328571428571429
2024-05-25,4.1,2024,5.0
2024-05-26,6.3,2024,5.328571428571428
2024-05-27,5.4,2024,5.485714285714286
2024-05-28,3.1,2024,5.352857142857142
2024-05-29,6.0,2024,5.395714285714286
2024-05-30,7.4,2024,5.238571428571428
2024-05-31,5.17,2024,4.952857142857143
2024-06-01,4.4,2024,4.9957142857142856
2024-06-02,5.2,2024,4.624285714285714
2024-06-03,3.4,2024,4.6242857142857146
2024-06-04,3.4,2024,4.671428571428572
2024-06-05,3.4,2024,4.942857142857143
2024-06-06,7.4,2024,4.531428571428571
2024-06-07,5.5,2024,4.945714285714287
2024-06-08,6.3,2024,5.488571428571428
2024-06-09,2.32,2024,6.174285714285714
2024-06-10,6.3,2024,5.931428571428571
2024-06-11,7.2,2024,6.259999999999999
2024-06-12,8.2,2024,6.181428571428571
2024-06-13,5.7,2024,6.671428571428572
2024-06-14,7.8,2024,6.685714285714286
2024-06-15,5.75,2024,6.542857142857143
2024-06-16,5.75,2024,6.087142857142857
2024-06-17,6.4,2024,6.192857142857143
2024-06-18,6.2,2024,5.735714285714286
2024-06-19,5.01,2024,5.747142857142857
2024-06-20,6.4399999999999995,2024,5.597142857142858
2024-06-21,4.6,2024,5.268571428571428
2024-06-22,5.83,2024,5.297142857142857
2024-06-23,4.7,2024,5.224285714285714
2024-06-24,4.1,2024,5.217142857142856
2024-06-25,6.4,2024,5.4314285714285715
2024-06-26,4.5,2024,5.2700000000000005
2024-06-27,6.390000000000001,2024,5.408571428571428
2024-06-28,6.1,2024,5.622857142857143
2024-06-29,4.7,2024,5.542857142857143
2024-06-30,5.67,2024,5.614285714285714
2024-07-01,5.6,2024,5.615714285714286
2024-07-02,5.84,2024,5.758571428571428
2024-07-03,5.0,2024,5.895714285714286
2024-07-04,6.4,2024,5.087142857142857
2024-07-05,7.1,2024,5.492857142857143
2024-07-06,5.66,2024,5.468571428571429
2024-07-08,0.01,2024,5.741428571428572
2024-07-09,8.44,2024,5.727142857142857
2024-07-10,5.67,2024,5.655714285714287
2024-07-11,6.91,2024,5.807142857142857
2024-07-12,6.3,2024,6.534285714285715
2024-07-13,6.6,2024,6.242857142857142
2024-07-14,6.72,2024,6.154285714285714
2024-07-15,5.1,2024,5.781428571428571
2024-07-16,6.4,2024,5.714285714285714
2024-07-17,5.05,2024,5.557142857142857
2024-07-18,4.3,2024,5.368571428571428
2024-07-19,5.83,2024,5.197142857142857
2024-07-20,5.5,2024,5.211428571428572
2024-07-21,5.4,2024,5.3
2024-07-22,3.9,2024,5.314285714285715
2024-07-23,6.5,2024,5.402857142857143
2024-07-24,5.67,2024,5.474285714285714
2024-07-25,4.4,2024,5.5600000000000005
2024-07-26,6.45,2024,5.917142857142857
2024-07-27,6.0,2024,5.545714285714287
2024-07-28,6.0,2024,5.592857142857143
2024-07-29,6.4,2024,5.678571428571429
2024-07-30,3.9,2024,5.614285714285714
2024-07-31,6.0,2024,5.514285714285714
2024-08-01,5.0,2024,5.085714285714286
2024-08-02,6.0,2024,5.071428571428571
2024-08-03,5.3,2024,5.3
2024-08-04,3.0,2024,5.057142857142857
2024-08-05,6.3,2024,5.2
2024-08-06,5.5,2024,5.038571428571428
2024-08-07,4.3,2024,5.3100000000000005
2024-08-08,6.0,2024,5.895714285714285
2024-08-09,4.87,2024,5.627142857142857
2024-08-12,7.2,2024,5.8500000000000005
2024-08-13,7.1,2024,6.121428571428571
2024-08-14,4.42,2024,6.3357142857142845
2024-08-15,7.0600000000000005,2024,6.468571428571429
2024-08-16,6.2,2024,6.325714285714286
2024-08-17,7.5,2024,6.497142857142857
2024-08-18,5.8,2024,6.765714285714286
2024-08-19,6.2,2024,6.471428571428571
2024-08-20,8.3,2024,6.571428571428571
2024-08-21,6.3,2024,6.557142857142857
2024-08-22,5.0,2024,6.285714285714286
2024-08-23,6.9,2024,6.271428571428571
2024-08-24,7.4,2024,6.171428571428572
2024-08-25,3.9,2024,6.214285714285714
2024-08-26,6.1,2024,6.554285714285714
2024-08-27,7.6,2024,6.539999999999999
2024-08-28,6.6,2024,6.462857142857142
2024-08-29,7.38,2024,6.72
2024-08-30,6.8,2024,6.377142857142857
2024-08-31,6.859999999999999,2024,6.534285714285715
2024-09-01,5.7,2024,6.577142857142857
2024-09-02,3.7,2024,6.365714285714286
2024-09-03,8.7,2024,6.331428571428572
2024-09-04,6.9,2024,5.994285714285715
2024-09-05,5.9,2024,6.1657142857142855
2024-09-06,6.56,2024,6.522857142857142
2024-09-07,4.5,2024,6.465714285714286
2024-09-08,6.9,2024,6.494285714285715
2024-09-09,6.2,2024,6.4942857142857155
2024-09-10,8.3,2024,6.5
2024-09-11,7.1,2024,6.6899999999999995
2024-09-12,5.9,2024,6.621428571428572
2024-09-13,6.6,2024,6.78
2024-09-14,5.83,2024,6.465714285714285
2024-09-15,6.42,2024,6.4799999999999995
2024-09-16,7.31,2024,6.65142857142857
2024-09-17,6.1,2024,6.78
2024-09-18,7.2,2024,6.404285714285714
2024-09-19,7.1,2024,6.427142857142857
2024-09-20,7.5,2024,5.968571428571429
2024-09-21,3.2,2024,6.168571428571428
2024-09-22,6.58,2024,6.122857142857143
2024-09-23,4.1,2024,6.048571428571429
2024-09-24,7.5,2024,6.034285714285715
2024-09-25,6.88,2024,6.517142857142857
2024-09-26,6.58,2024,6.4628571428571435
2024-09-27,7.4,2024,6.491428571428571
2024-09-28,6.58,2024,5.905714285714285
2024-09-29,6.2,2024,5.862857142857144
2024-09-30,4.3,2024,5.840000000000001
2024-10-01,3.4,2024,5.722857142857143
2024-10-02,6.58,2024,5.722857142857143
2024-10-04,6.42,2024,5.322857142857143
2024-10-05,6.58,2024,5.648571428571429
2024-10-06,6.58,2024,5.812857142857143
2024-10-07,3.4,2024,6.044285714285714
2024-10-09,6.58,2024,6.067142857142857
2024-10-10,4.55,2024,6.067142857142857
2024-10-11,8.2,2024,5.9557142857142855
2024-10-12,6.58,2024,6.437142857142857
2024-10-13,6.58,2024,6.411428571428572
2024-10-14,5.8,2024,6.508571428571428
2024-10-15,6.77,2024,5.751428571428571
2024-10-16,6.4,2024,5.868571428571428
2024-10-17,5.23,2024,5.785714285714286
2024-10-18,2.9,2024,5.778571428571429
2024-10-19,7.4,2024,5.522857142857143
2024-10-20,6.0,2024,5.779999999999999
2024-10-21,5.75,2024,5.76
2024-10-22,4.98,2024,6.660000000000001
2024-10-23,8.2,2024,6.0457142857142845
2024-10-24,5.09,2024,5.731428571428571
2024-10-25,9.2,2024,5.867142857142857
2024-10-26,3.1,2024,6.0600000000000005
2024-10-27,3.8,2024,5.994285714285714
2024-10-28,6.7,2024,6.384285714285714
2024-10-29,6.33,2024,5.998571428571428
2024-10-30,7.74,2024,6.491428571428572
2024-10-31,7.82,2024,6.695714285714286
2024-11-01,6.5,2024,6.5600000000000005
2024-11-02,6.55,2024,6.498571428571429
2024-11-03,5.23,2024,6.25
2024-11-04,5.75,2024,5.7614285714285725
2024-11-05,5.9,2024,5.7614285714285725
2024-11-06,6.0,2024,5.582857142857143
2024-11-07,4.4,2024,5.692857142857143
2024-11-08,6.5,2024,5.692857142857143
2024-11-09,5.3,2024,5.8500000000000005
2024-11-10,6.0,2024,5.692857142857143
2024-11-11,5.75,2024,5.992857142857142
2024-11-12,7.0,2024,5.992857142857142
2024-11-13,4.9,2024,5.971428571428571
2024-11-14,6.5,2024,5.96
2024-11-15,6.5,2024,5.96
2024-11-16,5.15,2024,6.017142857142858
2024-11-17,5.92,2024,5.602857142857142
2024-11-18,5.75,2024,5.884285714285714
2024-11-19,7.4,2024,5.855714285714286
2024-11-20,2.0,2024,5.8914285714285715
2024-11-21,8.469999999999999,2024,5.8914285714285715
2024-11-22,6.3,2024,5.8914285714285715
2024-11-23,5.4,2024,5.277142857142858
2024-11-24,5.92,2024,6.027142857142857
2024-11-25,5.75,2024,5.7457142857142856
2024-11-26,3.1,2024,5.868571428571428
2024-11-27,7.25,2024,5.954285714285715
2024-11-28,6.5,2024,6.085714285714286
2024-11-29,7.16,2024,6.292857142857143
2024-11-30,6.0,2024,6.609999999999999
2024-12-01,6.84,2024,6.621428571428572
2024-12-02,7.2,2024,6.412857142857143
2024-12-03,5.32,2024,6.318571428571429
2024-12-04,7.33,2024,6.494285714285715
2024-12-05,5.04,2024,6.362857142857143
2024-12-06,6.5,2024,6.34857142857143
2024-12-07,7.23,2024,6.162857142857143
2024-12-08,5.92,2024,6.258571428571429
2024-12-09,7.1,2024,6.467142857142856
2024-12-10,4.0200000000000005,2024,6.741428571428571
2024-12-11,8.0,2024,6.7700000000000005
2024-12-12,6.5,2024,6.7700000000000005
2024-12-13,8.42,2024,6.577142857142857
2024-12-14,7.43,2024,7.131428571428572
2024-12-15,5.92,2024,7.012857142857143
2024-12-16,5.75,2024,7.170000000000001
2024-12-17,7.9,2024,
2024-12-18,7.17,2024,
2024-12-19,7.6,2024,
